url_path,views_total,views_unique
/keptn/lifecycle-toolkit,769,227
/keptn/lifecycle-toolkit/issues,553,39
/keptn/lifecycle-toolkit/pulls,424,33
/keptn/lifecycle-toolkit/issues/2823,239,67
/keptn/lifecycle-toolkit/pull/3233,123,11
/keptn/lifecycle-toolkit/blob/main/test/chainsaw/scheduling-gates/simple-deployment-restart-pod/chainsaw-test.yaml,115,3
/keptn/lifecycle-toolkit/pull/3209,87,10
/keptn/lifecycle-toolkit/tree/main/chart,74,11
/keptn/lifecycle-toolkit/pull/3209/files,70,6
/keptn/lifecycle-toolkit/pull/3199,63,5
